dt,AverageTemperature
1823-01-01,24.006
1823-02-01,22.761
1823-03-01,25.23500000000001
1823-04-01,25.58
1823-05-01,27.315
1823-06-01,28.157
1823-07-01,28.526
1823-08-01,27.964000000000002
1823-09-01,27.131999999999998
1823-10-01,25.782
1823-11-01,25.06600000000001
1823-12-01,24.250999999999998
1824-01-01,25.063
1824-02-01,23.836
1824-03-01,26.252
1824-04-01,26.19400000000001
1824-05-01,27.779
1824-06-01,28.743
1824-07-01,29.637
1824-08-01,28.47900000000001
1824-09-01,27.988000000000003
1824-10-01,26.789
1824-11-01,26.437
1824-12-01,26.180999999999997
1825-01-01,24.68
1825-02-01,24.759
1825-03-01,25.53700000000001
1825-04-01,26.775
1825-05-01,27.575
1825-06-01,28.569000000000006
1825-07-01,28.441
1825-08-01,28.083000000000002
1825-09-01,27.373
1825-10-01,26.851
1825-11-01,27.145
1825-12-01,24.395
1826-01-01,23.41
1826-02-01,25.034
1826-03-01,26.651
1826-04-01,27.509
1826-05-01,27.997
1826-06-01,27.906
1826-07-01,29.168000000000006
1826-08-01,28.095
1826-09-01,27.883000000000006
1826-10-01,26.601
1826-11-01,26.348000000000006
1826-12-01,25.845
1827-01-01,24.598000000000006
1827-02-01,26.575
1827-03-01,26.741
1827-04-01,27.896
1827-05-01,28.234
1827-06-01,28.689
1827-07-01,29.618
1827-08-01,29.10700000000001
1827-09-01,27.76
1827-10-01,26.708000000000002
1827-11-01,27.237
1827-12-01,26.105
1828-01-01,25.750999999999998
1828-02-01,25.967
1828-03-01,25.228
1828-04-01,26.206
1828-05-01,27.476
1828-06-01,28.839
1828-07-01,29.16
1828-08-01,28.738000000000003
1828-09-01,27.06
1828-10-01,26.76
1828-11-01,26.617
1828-12-01,26.88
1829-01-01,24.101
1829-02-01,24.061
1829-03-01,23.742
1829-04-01,25.927
1829-05-01,27.283
1829-06-01,27.965
1829-07-01,28.888
1829-08-01,28.719
1829-09-01,27.687
1829-10-01,26.966
1829-11-01,24.672
1829-12-01,25.372
1830-01-01,24.93
1830-02-01,25.578000000000007
1830-03-01,25.017000000000003
1830-04-01,26.228
1830-05-01,26.98
1830-06-01,28.389
1830-07-01,29.479
1830-08-01,28.666
1830-09-01,27.314
1830-10-01,26.381
1830-11-01,28.111
1830-12-01,27.034
1831-01-01,23.629
1831-02-01,23.785
1831-03-01,25.116
1831-04-01,25.933000000000003
1831-05-01,26.476
1831-06-01,27.842
1831-07-01,28.415
1831-08-01,27.983
1831-09-01,27.419
1831-10-01,26.645
1831-11-01,25.733
1831-12-01,24.156
1832-01-01,24.224
1832-02-01,25.802
1832-03-01,24.778000000000002
1832-04-01,25.69400000000001
1832-05-01,27.397
1832-06-01,28.058000000000003
1832-07-01,28.259
1832-08-01,27.208000000000002
1832-09-01,27.101
1832-10-01,26.711
1832-11-01,25.197
1832-12-01,23.891
1833-01-01,24.717
1833-02-01,25.230999999999998
1833-03-01,24.68
1833-04-01,25.455
1833-05-01,26.786
1833-06-01,28.361
1833-07-01,28.488000000000003
1833-08-01,28.45300000000001
1833-09-01,28.189
1833-10-01,26.172
1833-11-01,26.987
1833-12-01,24.783
1834-01-01,23.027
1834-02-01,25.262
1834-03-01,25.901
1834-04-01,25.824
1834-05-01,27.648000000000003
1834-06-01,28.755
1834-07-01,28.932
1834-08-01,28.63900000000001
1834-09-01,28.373
1834-10-01,27.406
1834-11-01,26.789
1834-12-01,25.69
1835-01-01,25.043000000000006
1835-02-01,23.485
1835-03-01,24.081000000000003
1835-04-01,25.869
1835-05-01,27.15
1835-06-01,27.212
1835-07-01,26.959
1835-08-01,27.32800000000001
1835-09-01,26.312
1835-10-01,25.712
1835-11-01,26.634
1835-12-01,23.885
1836-01-01,24.762
1836-02-01,23.948
1836-03-01,25.174
1836-04-01,26.283
1836-05-01,26.608
1836-06-01,27.962
1836-07-01,28.712
1836-08-01,28.613000000000003
1836-09-01,28.215
1836-10-01,26.177
1836-11-01,23.567
1836-12-01,23.914
1837-01-01,23.575
1837-02-01,24.168000000000006
1837-03-01,24.466
1837-04-01,24.469
1837-05-01,26.565
1837-06-01,27.728
1837-07-01,29.199
1837-08-01,28.695
1837-09-01,27.779
1837-10-01,26.726
1837-11-01,25.443
1837-12-01,25.301
1838-01-01,23.555
1838-02-01,23.447
1838-03-01,23.82
1838-04-01,25.416
1838-05-01,25.453000000000007
1838-06-01,27.257
1838-07-01,27.975
1838-08-01,27.865
1838-09-01,27.329
1838-10-01,26.71
1838-11-01,26.065
1838-12-01,25.019
1839-01-01,24.264
1839-02-01,24.573
1839-03-01,23.421
1839-04-01,25.925
1839-05-01,26.992
1839-06-01,28.606
1839-07-01,28.827
1839-08-01,29.193
1839-09-01,28.126
1839-10-01,26.919
1839-11-01,25.469
1839-12-01,22.115
1840-01-01,25.235
1840-02-01,24.586
1840-03-01,25.115
1840-04-01,26.676
1840-05-01,27.056
1840-06-01,27.757
1840-07-01,28.566
1840-08-01,27.70300000000001
1840-09-01,27.686
1840-10-01,26.338
1840-11-01,24.325
1840-12-01,23.838
1841-01-01,24.511
1841-02-01,24.043000000000006
1841-03-01,24.41200000000001
1841-04-01,25.286
1841-05-01,26.227
1841-06-01,27.049
1841-07-01,28.749
1841-08-01,28.16
1841-09-01,27.608
1841-10-01,26.082
1841-11-01,24.947
1841-12-01,24.682
1842-01-01,24.623
1842-02-01,24.647
1842-03-01,26.75500000000001
1842-04-01,26.324
1842-05-01,26.897
1842-06-01,27.399
1842-07-01,27.46
1842-08-01,27.928
1842-09-01,27.714
1842-10-01,25.855
1842-11-01,25.50500000000001
1842-12-01,25.596999999999998
1843-01-01,25.124
1843-02-01,25.033
1843-03-01,24.149
1843-04-01,26.35100000000001
1843-05-01,26.115
1843-06-01,26.819000000000006
1843-07-01,27.594
1843-08-01,27.477
1843-09-01,27.362
1843-10-01,26.028
1843-11-01,26.662
1843-12-01,25.605999999999998
1844-01-01,24.634
1844-02-01,23.789
1844-03-01,24.097
1844-04-01,24.946
1844-05-01,27.013
1844-06-01,26.837
1844-07-01,28.138
1844-08-01,27.708000000000002
1844-09-01,27.119
1844-10-01,26.528
1844-11-01,26.166
1844-12-01,22.651999999999997
1845-01-01,24.572
1845-02-01,23.114
1845-03-01,24.78
1845-04-01,26.368000000000002
1845-05-01,26.297
1845-06-01,27.516
1845-07-01,27.981
1845-08-01,27.803
1845-09-01,27.207
1845-10-01,25.716
1845-11-01,24.58
1845-12-01,22.561999999999998
1846-01-01,24.64
1846-02-01,24.624
1846-03-01,25.876
1846-04-01,25.089000000000002
1846-05-01,26.817
1846-06-01,28.349
1846-07-01,28.532
1846-08-01,28.462
1846-09-01,27.918000000000006
1846-10-01,26.435
1846-11-01,25.613000000000003
1846-12-01,25.727
1847-01-01,25.806
1847-02-01,24.675
1847-03-01,24.22300000000001
1847-04-01,26.114
1847-05-01,26.069000000000006
1847-06-01,28.177
1847-07-01,28.204
1847-08-01,28.606
1847-09-01,27.806
1847-10-01,27.083000000000002
1847-11-01,26.438000000000002
1847-12-01,22.621
1848-01-01,23.633000000000006
1848-02-01,24.967
1848-03-01,25.167
1848-04-01,25.76100000000001
1848-05-01,26.394000000000002
1848-06-01,27.173000000000002
1848-07-01,29.042
1848-08-01,28.091
1848-09-01,27.821
1848-10-01,26.946
1848-11-01,24.867
1848-12-01,27.103
1849-01-01,25.746
1849-02-01,24.311
1849-03-01,26.653000000000002
1849-04-01,25.257
1849-05-01,27.194000000000006
1849-06-01,27.575
1849-07-01,28.659
1849-08-01,29.021
1849-09-01,27.943
1849-10-01,27.803
1849-11-01,26.855
1849-12-01,26.715
1850-01-01,26.455
1850-02-01,25.528
1850-03-01,26.427
1850-04-01,26.393
1850-05-01,26.547
1850-06-01,27.479
1850-07-01,28.728
1850-08-01,28.741
1850-09-01,28.381
1850-10-01,25.901
1850-11-01,25.659000000000002
1850-12-01,24.899
1851-01-01,25.203000000000007
1851-02-01,25.153
1851-03-01,24.777
1851-04-01,25.901
1851-05-01,26.907
1851-06-01,27.598000000000006
1851-07-01,28.289
1851-08-01,28.314
1851-09-01,27.087
1851-10-01,27.04
1851-11-01,25.917
1851-12-01,24.381
1852-01-01,21.166999999999998
1852-02-01,24.045
1852-03-01,25.058000000000003
1852-04-01,25.804000000000002
1852-05-01,27.32
1852-06-01,27.841
1852-07-01,28.132
1852-08-01,28.315
1852-09-01,27.908
1852-10-01,26.361
1852-11-01,26.092
1852-12-01,26.021
1853-01-01,22.955
1853-02-01,23.404
1853-03-01,25.251
1853-04-01,25.829
1853-05-01,27.024
1853-06-01,27.431
1853-07-01,28.586
1853-08-01,28.209
1853-09-01,27.846
1853-10-01,27.438
1853-11-01,26.063000000000002
1853-12-01,23.795
1854-01-01,24.511
1854-02-01,24.07
1854-03-01,26.087
1854-04-01,24.791
1854-05-01,27.336
1854-06-01,27.904
1854-07-01,28.06
1854-08-01,27.775
1854-09-01,27.608
1854-10-01,26.651
1854-11-01,24.824
1854-12-01,23.842
1855-01-01,23.404
1855-02-01,22.693
1855-03-01,24.227
1855-04-01,25.556
1855-05-01,27.105
1855-06-01,28.026
1855-07-01,27.591
1855-08-01,28.54300000000001
1855-09-01,28.071
1855-10-01,26.413
1855-11-01,26.883000000000006
1855-12-01,25.629
1856-01-01,23.666
1856-02-01,23.935
1856-03-01,25.846
1856-04-01,25.522
1856-05-01,27.591
1856-06-01,28.46
1856-07-01,28.288
1856-08-01,28.552
1856-09-01,27.759
1856-10-01,26.647
1856-11-01,26.854
1856-12-01,25.561
1857-01-01,23.223000000000006
1857-02-01,24.063
1857-03-01,24.294
1857-04-01,24.667
1857-05-01,26.223000000000006
1857-06-01,27.716
1857-07-01,27.779
1857-08-01,27.72
1857-09-01,27.235
1857-10-01,26.431
1857-11-01,25.818
1857-12-01,25.014
1858-01-01,25.144
1858-02-01,23.862
1858-03-01,23.53700000000001
1858-04-01,25.17
1858-05-01,26.938
1858-06-01,27.402
1858-07-01,28.143
1858-08-01,28.214000000000002
1858-09-01,27.792
1858-10-01,26.669
1858-11-01,24.86
1858-12-01,25.488000000000003
1859-01-01,23.867
1859-02-01,24.624
1859-03-01,25.964000000000002
1859-04-01,26.379
1859-05-01,27.084
1859-06-01,27.642
1859-07-01,28.338
1859-08-01,28.294
1859-09-01,28.075
1859-10-01,27.04
1859-11-01,25.163
1859-12-01,24.333
1860-01-01,23.92
1860-02-01,23.899
1860-03-01,23.752
1860-04-01,26.186
1860-05-01,26.059
1860-06-01,28.395
1860-07-01,28.7
1860-08-01,28.548000000000002
1860-09-01,28.11
1860-10-01,26.316
1860-11-01,25.785
1860-12-01,24.444000000000006
1861-01-01,24.588
1861-02-01,24.478
1861-03-01,24.778000000000002
1861-04-01,25.82
1861-05-01,27.379
1861-06-01,28.249
1861-07-01,28.803
1861-08-01,28.35700000000001
1861-09-01,28.28
1861-10-01,27.467
1861-11-01,26.375
1861-12-01,25.317
1862-01-01,25.003
1862-02-01,25.528
1862-03-01,25.196
1862-04-01,26.549
1862-05-01,27.163
1862-06-01,27.844
1862-07-01,28.733
1862-08-01,28.956
1862-09-01,28.497
1862-10-01,26.952
1862-11-01,25.295
1862-12-01,23.809
1863-01-01,23.68
1863-02-01,26.105
1863-03-01,25.571
1863-04-01,25.547
1863-05-01,27.376
1863-06-01,28.668000000000006
1863-07-01,28.706
1863-08-01,28.009
1863-09-01,27.328000000000007
1863-10-01,26.905
1863-11-01,25.678
1863-12-01,23.756999999999998
1864-01-01,24.64
1864-02-01,23.971999999999998
1864-03-01,23.673000000000002
1864-04-01,24.436
1864-05-01,25.325
1864-06-01,27.566
1864-07-01,28.086
1864-08-01,27.624000000000002
1864-09-01,28.403
1864-10-01,26.53
1864-11-01,25.704
1864-12-01,25.355999999999998
1865-01-01,23.764
1865-02-01,23.828000000000007
1865-03-01,24.946
1865-04-01,26.159000000000002
1865-05-01,27.227
1865-06-01,28.324
1865-07-01,28.883000000000006
1865-08-01,29.23200000000001
1865-09-01,27.562
1865-10-01,26.903
1865-11-01,25.452
1865-12-01,26.057
1866-01-01,24.195
1866-02-01,24.045
1866-03-01,24.538
1866-04-01,25.424
1866-05-01,27.381
1866-06-01,28.118
1866-07-01,28.319000000000006
1866-08-01,28.655
1866-09-01,28.315
1866-10-01,26.353
1866-11-01,24.913
1866-12-01,24.525
1867-01-01,24.136
1867-02-01,25.099
1867-03-01,25.794
1867-04-01,26.16200000000001
1867-05-01,27.52
1867-06-01,28.113000000000003
1867-07-01,28.714
1867-08-01,28.213
1867-09-01,28.12
1867-10-01,26.478
1867-11-01,25.06
1867-12-01,25.205
1868-01-01,24.818
1868-02-01,23.582
1868-03-01,25.129
1868-04-01,26.105
1868-05-01,27.086
1868-06-01,27.635
1868-07-01,28.506
1868-08-01,28.641
1868-09-01,28.628
1868-10-01,27.231
1868-11-01,25.351
1868-12-01,24.268
1869-01-01,25.941
1869-02-01,26.17
1869-03-01,26.286
1869-04-01,27.32200000000001
1869-05-01,27.776
1869-06-01,29.312
1869-07-01,29.526
1869-08-01,29.146
1869-09-01,28.708
1869-10-01,26.816
1869-11-01,25.64
1869-12-01,23.808000000000003
1870-01-01,25.153
1870-02-01,23.889
1870-03-01,24.996
1870-04-01,25.222
1870-05-01,27.1
1870-06-01,28.934
1870-07-01,29.2
1870-08-01,28.949
1870-09-01,28.882
1870-10-01,26.934
1870-11-01,25.188000000000002
1870-12-01,23.506999999999998
1871-01-01,23.405
1871-02-01,24.468000000000004
1871-03-01,25.454
1871-04-01,26.182
1871-05-01,26.759
1871-06-01,28.077
1871-07-01,28.166
1871-08-01,28.396
1871-09-01,27.855999999999998
1871-10-01,26.782
1871-11-01,26.011
1871-12-01,24.398000000000003
1872-01-01,23.468000000000004
1872-02-01,24.31
1872-03-01,25.248
1872-04-01,26.791
1872-05-01,27.231
1872-06-01,28.3
1872-07-01,28.516
1872-08-01,28.509
1872-09-01,28.548
1872-10-01,27.093000000000004
1872-11-01,25.823
1872-12-01,23.897
1873-01-01,23.535999999999998
1873-02-01,25.035
1873-03-01,24.166
1873-04-01,25.465
1873-05-01,27.346
1873-06-01,27.972
1873-07-01,28.377
1873-08-01,28.10400000000001
1873-09-01,27.484
1873-10-01,25.666
1873-11-01,25.16
1873-12-01,25.164
1874-01-01,24.055
1874-02-01,25.55
1874-03-01,26.146
1874-04-01,26.201
1874-05-01,26.722
1874-06-01,27.612
1874-07-01,27.939
1874-08-01,28.523000000000003
1874-09-01,27.868
1874-10-01,26.672
1874-11-01,26.083000000000002
1874-12-01,25.099
1875-01-01,25.119
1875-02-01,24.868
1875-03-01,25.646
1875-04-01,25.268
1875-05-01,27.178
1875-06-01,27.877
1875-07-01,28.403
1875-08-01,28.183000000000003
1875-09-01,28.054
1875-10-01,27.252
1875-11-01,26.652
1875-12-01,25.521
1876-01-01,25.432
1876-02-01,25.954
1876-03-01,24.94100000000001
1876-04-01,26.105
1876-05-01,27.034
1876-06-01,28.223000000000006
1876-07-01,28.284
1876-08-01,28.344
1876-09-01,28.377
1876-10-01,26.544
1876-11-01,25.491
1876-12-01,23.776999999999997
1877-01-01,24.545
1877-02-01,23.99
1877-03-01,24.557
1877-04-01,25.85
1877-05-01,26.487
1877-06-01,27.831
1877-07-01,28.901
1877-08-01,29.196
1877-09-01,28.931
1877-10-01,28.119
1877-11-01,26.616
1877-12-01,25.585
1878-01-01,24.069000000000006
1878-02-01,25.079
1878-03-01,26.294
1878-04-01,27.48
1878-05-01,28.139
1878-06-01,29.267
1878-07-01,29.175
1878-08-01,28.795
1878-09-01,28.607
1878-10-01,27.41
1878-11-01,26.383000000000006
1878-12-01,24.762
1879-01-01,24.346
1879-02-01,24.096
1879-03-01,24.844
1879-04-01,25.798000000000002
1879-05-01,26.777
1879-06-01,27.331
1879-07-01,28.584
1879-08-01,28.613000000000003
1879-09-01,28.019
1879-10-01,27.045
1879-11-01,26.268
1879-12-01,25.435
1880-01-01,25.574
1880-02-01,25.16
1880-03-01,25.659000000000002
1880-04-01,25.804000000000002
1880-05-01,26.48
1880-06-01,27.918000000000006
1880-07-01,28.621
1880-08-01,28.436
1880-09-01,28.204
1880-10-01,27.356
1880-11-01,27.109
1880-12-01,24.660999999999998
1881-01-01,24.94
1881-02-01,24.355999999999998
1881-03-01,24.396
1881-04-01,25.189
1881-05-01,27.229
1881-06-01,28.64
1881-07-01,29.004
1881-08-01,28.618000000000002
1881-09-01,28.076999999999998
1881-10-01,27.031
1881-11-01,26.572
1881-12-01,25.179
1882-01-01,24.733
1882-02-01,24.711
1882-03-01,25.167
1882-04-01,26.217
1882-05-01,27.158
1882-06-01,28.624
1882-07-01,28.522
1882-08-01,28.644000000000002
1882-09-01,28.361
1882-10-01,27.284
1882-11-01,25.486
1882-12-01,24.728
1883-01-01,25.070999999999998
1883-02-01,25.576
1883-03-01,24.631
1883-04-01,26.837
1883-05-01,27.207
1883-06-01,28.488000000000003
1883-07-01,28.513
1883-08-01,28.599
1883-09-01,28.242
1883-10-01,27.522
1883-11-01,26.291
1883-12-01,24.725
1884-01-01,23.461
1884-02-01,24.377
1884-03-01,25.113000000000003
1884-04-01,25.907
1884-05-01,26.901
1884-06-01,27.41
1884-07-01,28.556
1884-08-01,28.19100000000001
1884-09-01,27.784
1884-10-01,26.606
1884-11-01,26.173000000000002
1884-12-01,25.5
1885-01-01,24.701999999999998
1885-02-01,23.539
1885-03-01,24.379
1885-04-01,25.56600000000001
1885-05-01,27.1
1885-06-01,27.948
1885-07-01,28.699
1885-08-01,28.55
1885-09-01,28.08
1885-10-01,26.672
1885-11-01,25.628
1885-12-01,23.480999999999998
1886-01-01,22.304
1886-02-01,23.253
1886-03-01,25.087
1886-04-01,25.167
1886-05-01,26.867
1886-06-01,28.02
1886-07-01,28.385
1886-08-01,28.391
1886-09-01,27.901
1886-10-01,26.636
1886-11-01,25.705
1886-12-01,23.819000000000006
1887-01-01,22.973000000000006
1887-02-01,24.755
1887-03-01,23.929000000000002
1887-04-01,25.489
1887-05-01,26.656
1887-06-01,26.992
1887-07-01,28.249
1887-08-01,28.318
1887-09-01,27.931
1887-10-01,26.594
1887-11-01,25.382
1887-12-01,24.592
1888-01-01,23.97
1888-02-01,24.171
1888-03-01,24.32800000000001
1888-04-01,25.153000000000002
1888-05-01,26.323
1888-06-01,27.422
1888-07-01,28.328000000000007
1888-08-01,28.51400000000001
1888-09-01,27.844
1888-10-01,27.124
1888-11-01,26.07
1888-12-01,24.266
1889-01-01,24.77
1889-02-01,24.416
1889-03-01,24.485
1889-04-01,25.963
1889-05-01,26.991
1889-06-01,28.006
1889-07-01,28.529
1889-08-01,28.022
1889-09-01,28.18
1889-10-01,26.304000000000002
1889-11-01,26.276
1889-12-01,24.741
1890-01-01,24.56
1890-02-01,24.56
1890-03-01,23.95000000000001
1890-04-01,25.54300000000001
1890-05-01,26.78
1890-06-01,27.649
1890-07-01,28.346
1890-08-01,27.94400000000001
1890-09-01,27.438
1890-10-01,27.006
1890-11-01,25.932
1890-12-01,23.473000000000006
1891-01-01,23.753
1891-02-01,24.979
1891-03-01,24.797
1891-04-01,25.375
1891-05-01,26.563
1891-06-01,28.019
1891-07-01,28.536
1891-08-01,28.474
1891-09-01,28.312
1891-10-01,26.542
1891-11-01,25.751
1891-12-01,25.633000000000006
1892-01-01,23.554
1892-02-01,24.081
1892-03-01,24.394000000000002
1892-04-01,26.26100000000001
1892-05-01,27.113000000000003
1892-06-01,27.604
1892-07-01,28.482
1892-08-01,28.335
1892-09-01,28.119
1892-10-01,26.325
1892-11-01,25.13300000000001
1892-12-01,24.313
1893-01-01,22.78
1893-02-01,24.955
1893-03-01,25.154
1893-04-01,26.253
1893-05-01,27.516
1893-06-01,28.092
1893-07-01,28.422
1893-08-01,28.438000000000002
1893-09-01,28.243
1893-10-01,26.722
1893-11-01,25.801
1893-12-01,24.276
1894-01-01,24.221
1894-02-01,24.52
1894-03-01,25.06600000000001
1894-04-01,26.085
1894-05-01,26.714
1894-06-01,27.572
1894-07-01,28.423
1894-08-01,28.788
1894-09-01,28.212
1894-10-01,26.493000000000002
1894-11-01,25.705
1894-12-01,23.848000000000006
1895-01-01,23.742
1895-02-01,22.616
1895-03-01,25.173000000000002
1895-04-01,25.899
1895-05-01,27.813
1895-06-01,28.322
1895-07-01,28.929
1895-08-01,28.683000000000003
1895-09-01,28.298
1895-10-01,26.921
1895-11-01,26.004
1895-12-01,23.656
1896-01-01,23.434
1896-02-01,23.811
1896-03-01,24.546
1896-04-01,25.55
1896-05-01,27.389
1896-06-01,28.497
1896-07-01,28.434
1896-08-01,28.856
1896-09-01,28.295
1896-10-01,27.72
1896-11-01,26.882
1896-12-01,24.664
1897-01-01,23.727
1897-02-01,25.631999999999998
1897-03-01,26.483
1897-04-01,26.33
1897-05-01,26.975
1897-06-01,28.291
1897-07-01,28.669
1897-08-01,28.959
1897-09-01,27.876
1897-10-01,27.159
1897-11-01,26.533
1897-12-01,25.432
1898-01-01,24.73
1898-02-01,23.971999999999998
1898-03-01,25.47300000000001
1898-04-01,26.092
1898-05-01,27.142
1898-06-01,27.877
1898-07-01,28.222
1898-08-01,28.289
1898-09-01,28.185
1898-10-01,26.921
1898-11-01,26.633000000000006
1898-12-01,25.03
1899-01-01,25.18
1899-02-01,24.674
1899-03-01,25.247
1899-04-01,25.626
1899-05-01,27.209
1899-06-01,27.585
1899-07-01,28.323
1899-08-01,28.868000000000002
1899-09-01,28.574
1899-10-01,27.235
1899-11-01,26.061
1899-12-01,24.451
1900-01-01,23.762
1900-02-01,24.247
1900-03-01,25.015
1900-04-01,26.413
1900-05-01,27.335
1900-06-01,28.029
1900-07-01,28.351
1900-08-01,28.599
1900-09-01,28.267
1900-10-01,27.682
1900-11-01,25.866
1900-12-01,25.535
1901-01-01,23.545
1901-02-01,23.942
1901-03-01,24.582
1901-04-01,24.888
1901-05-01,26.802
1901-06-01,27.941
1901-07-01,28.1
1901-08-01,28.38600000000001
1901-09-01,28.24
1901-10-01,27.124
1901-11-01,24.615
1901-12-01,23.938
1902-01-01,22.832
1902-02-01,23.779
1902-03-01,25.487
1902-04-01,26.171
1902-05-01,27.392
1902-06-01,27.523000000000003
1902-07-01,28.546
1902-08-01,28.801
1902-09-01,28.576999999999998
1902-10-01,27.622
1902-11-01,26.558000000000003
1902-12-01,24.977
1903-01-01,24.867
1903-02-01,25.875999999999998
1903-03-01,25.903000000000002
1903-04-01,25.906
1903-05-01,26.98
1903-06-01,28.172
1903-07-01,28.38
1903-08-01,28.273000000000003
1903-09-01,28.048
1903-10-01,26.608
1903-11-01,25.202
1903-12-01,23.633000000000006
1904-01-01,23.971
1904-02-01,24.480999999999998
1904-03-01,24.942
1904-04-01,25.791
1904-05-01,26.873
1904-06-01,27.489
1904-07-01,27.75
1904-08-01,27.965
1904-09-01,27.546
1904-10-01,26.794
1904-11-01,25.785
1904-12-01,24.422
1905-01-01,22.85
1905-02-01,24.353
1905-03-01,25.028000000000002
1905-04-01,25.77
1905-05-01,27.532
1905-06-01,27.994
1905-07-01,28.49
1905-08-01,28.38300000000001
1905-09-01,28.332
1905-10-01,27.546
1905-11-01,26.562
1905-12-01,25.081999999999997
1906-01-01,24.438
1906-02-01,24.105999999999998
1906-03-01,25.009
1906-04-01,25.615
1906-05-01,27.304000000000002
1906-06-01,27.694000000000006
1906-07-01,28.383000000000006
1906-08-01,28.243000000000002
1906-09-01,28.245
1906-10-01,27.053
1906-11-01,26.099
1906-12-01,24.028
1907-01-01,24.293000000000006
1907-02-01,23.745
1907-03-01,25.245
1907-04-01,25.548000000000002
1907-05-01,27.326
1907-06-01,27.794
1907-07-01,28.152
1907-08-01,28.28700000000001
1907-09-01,28.193
1907-10-01,27.037
1907-11-01,26.507
1907-12-01,25.295
1908-01-01,24.054
1908-02-01,23.927
1908-03-01,25.353
1908-04-01,26.93
1908-05-01,27.702
1908-06-01,27.672
1908-07-01,28.109
1908-08-01,28.221
1908-09-01,28.361
1908-10-01,26.733
1908-11-01,25.886
1908-12-01,24.965
1909-01-01,23.999
1909-02-01,24.263
1909-03-01,25.842
1909-04-01,26.023000000000003
1909-05-01,27.533
1909-06-01,27.82
1909-07-01,28.329
1909-08-01,28.217
1909-09-01,27.675
1909-10-01,26.993
1909-11-01,25.393
1909-12-01,24.122
1910-01-01,23.653
1910-02-01,23.768
1910-03-01,24.020000000000003
1910-04-01,25.206
1910-05-01,26.887
1910-06-01,27.586
1910-07-01,28.029
1910-08-01,28.379
1910-09-01,27.884
1910-10-01,26.827
1910-11-01,24.88000000000001
1910-12-01,23.528
1911-01-01,24.239
1911-02-01,24.315
1911-03-01,25.095
1911-04-01,27.175
1911-05-01,26.634
1911-06-01,27.775
1911-07-01,28.281
1911-08-01,28.539
1911-09-01,28.407
1911-10-01,27.939
1911-11-01,26.937
1911-12-01,25.559
1912-01-01,24.627
1912-02-01,23.674
1912-03-01,26.03
1912-04-01,27.202
1912-05-01,27.921
1912-06-01,27.874
1912-07-01,28.292
1912-08-01,28.327
1912-09-01,28.372
1912-10-01,27.39
1912-11-01,25.767
1912-12-01,25.774
1913-01-01,25.476
1913-02-01,25.399
1913-03-01,26.209
1913-04-01,25.54000000000001
1913-05-01,26.236
1913-06-01,27.103
1913-07-01,27.743
1913-08-01,27.987
1913-09-01,27.734
1913-10-01,26.706
1913-11-01,25.614
1913-12-01,24.965
1914-01-01,24.051
1914-02-01,24.312
1914-03-01,24.091
1914-04-01,26.19400000000001
1914-05-01,27.123
1914-06-01,27.862
1914-07-01,28.95
1914-08-01,28.948
1914-09-01,28.312
1914-10-01,27.3
1914-11-01,25.761
1914-12-01,25.829
1915-01-01,25.012
1915-02-01,24.406
1915-03-01,23.893
1915-04-01,24.97
1915-05-01,27.981
1915-06-01,28.57
1915-07-01,28.88
1915-08-01,29.097
1915-09-01,28.569000000000006
1915-10-01,27.976
1915-11-01,26.601
1915-12-01,25.070999999999998
1916-01-01,25.673
1916-02-01,23.945
1916-03-01,24.336
1916-04-01,25.583000000000002
1916-05-01,27.246
1916-06-01,27.964
1916-07-01,28.432
1916-08-01,28.47
1916-09-01,28.032
1916-10-01,27.056
1916-11-01,25.853
1916-12-01,24.616
1917-01-01,24.516
1917-02-01,23.699
1917-03-01,25.567
1917-04-01,25.423000000000002
1917-05-01,26.76
1917-06-01,27.643
1917-07-01,28.273000000000003
1917-08-01,28.272
1917-09-01,28.17
1917-10-01,26.983
1917-11-01,24.658
1917-12-01,23.014
1918-01-01,23.508000000000006
1918-02-01,24.939
1918-03-01,25.487
1918-04-01,26.249000000000002
1918-05-01,26.656
1918-06-01,27.542
1918-07-01,28.301
1918-08-01,28.507
1918-09-01,28.163
1918-10-01,27.687
1918-11-01,26.313000000000002
1918-12-01,25.114
1919-01-01,24.022
1919-02-01,25.062
1919-03-01,25.88600000000001
1919-04-01,25.806
1919-05-01,27.574
1919-06-01,28.035
1919-07-01,28.422
1919-08-01,28.936
1919-09-01,28.154
1919-10-01,27.74
1919-11-01,26.467
1919-12-01,25.112
1920-01-01,24.621
1920-02-01,24.268
1920-03-01,25.117
1920-04-01,27.038
1920-05-01,27.546
1920-06-01,27.872
1920-07-01,28.451
1920-08-01,28.512
1920-09-01,28.306
1920-10-01,27.0
1920-11-01,26.063000000000002
1920-12-01,25.241
1921-01-01,24.713
1921-02-01,25.09
1921-03-01,25.85700000000001
1921-04-01,26.477
1921-05-01,26.731
1921-06-01,28.018
1921-07-01,28.466
1921-08-01,28.503
1921-09-01,28.526
1921-10-01,27.506
1921-11-01,26.59
1921-12-01,25.451
1922-01-01,24.63
1922-02-01,24.898000000000003
1922-03-01,25.974
1922-04-01,26.686
1922-05-01,27.303
1922-06-01,27.835
1922-07-01,28.654
1922-08-01,28.648000000000003
1922-09-01,28.28
1922-10-01,27.412
1922-11-01,26.636
1922-12-01,25.274
1923-01-01,24.605999999999998
1923-02-01,24.964
1923-03-01,25.82200000000001
1923-04-01,26.392
1923-05-01,27.361
1923-06-01,27.923
1923-07-01,28.54
1923-08-01,28.452
1923-09-01,28.546
1923-10-01,27.173000000000002
1923-11-01,25.549
1923-12-01,25.546
1924-01-01,25.04
1924-02-01,24.149
1924-03-01,25.233
1924-04-01,27.125
1924-05-01,28.076
1924-06-01,28.571
1924-07-01,28.801
1924-08-01,29.081
1924-09-01,28.44
1924-10-01,27.331
1924-11-01,25.583000000000002
1924-12-01,25.564
1925-01-01,25.486
1925-02-01,24.908
1925-03-01,25.272
1925-04-01,25.808000000000003
1925-05-01,27.1
1925-06-01,27.935
1925-07-01,28.503
1925-08-01,29.206000000000003
1925-09-01,28.518
1925-10-01,28.062
1925-11-01,26.681
1925-12-01,25.35
1926-01-01,24.408
1926-02-01,24.262
1926-03-01,25.20300000000001
1926-04-01,26.599
1926-05-01,27.192
1926-06-01,28.115
1926-07-01,28.812
1926-08-01,28.76400000000001
1926-09-01,28.594
1926-10-01,27.396
1926-11-01,25.912
1926-12-01,25.599
1927-01-01,23.97
1927-02-01,25.605
1927-03-01,25.496
1927-04-01,26.445
1927-05-01,27.905
1927-06-01,28.585
1927-07-01,28.707
1927-08-01,28.966
1927-09-01,28.565
1927-10-01,27.375
1927-11-01,26.218000000000004
1927-12-01,24.991
1928-01-01,23.887
1928-02-01,25.326999999999998
1928-03-01,25.56
1928-04-01,26.272
1928-05-01,26.781
1928-06-01,28.2
1928-07-01,28.59
1928-08-01,28.627
1928-09-01,28.613000000000003
1928-10-01,27.404
1928-11-01,26.337
1928-12-01,24.862
1929-01-01,25.261
1929-02-01,25.648000000000003
1929-03-01,26.149
1929-04-01,26.625
1929-05-01,27.404
1929-06-01,27.736
1929-07-01,28.302
1929-08-01,28.359
1929-09-01,28.193
1929-10-01,26.698
1929-11-01,26.954
1929-12-01,24.861
1930-01-01,25.047
1930-02-01,24.971
1930-03-01,25.499000000000002
1930-04-01,26.102
1930-05-01,27.707
1930-06-01,27.838
1930-07-01,28.772
1930-08-01,29.045
1930-09-01,28.767
1930-10-01,27.603
1930-11-01,26.015
1930-12-01,24.845
1931-01-01,24.076999999999998
1931-02-01,24.329
1931-03-01,24.171
1931-04-01,25.756
1931-05-01,27.501
1931-06-01,28.108
1931-07-01,28.733
1931-08-01,29.04300000000001
1931-09-01,28.547
1931-10-01,27.316
1931-11-01,26.234
1931-12-01,26.618
1932-01-01,25.945999999999998
1932-02-01,25.971
1932-03-01,25.19700000000001
1932-04-01,25.687
1932-05-01,26.969
1932-06-01,28.151
1932-07-01,28.824
1932-08-01,28.8
1932-09-01,28.992
1932-10-01,27.762
1932-11-01,25.374000000000002
1932-12-01,25.581
1933-01-01,25.148000000000003
1933-02-01,25.77
1933-03-01,25.59
1933-04-01,27.012
1933-05-01,27.952
1933-06-01,27.917
1933-07-01,28.685
1933-08-01,28.627
1933-09-01,28.38
1933-10-01,27.397
1933-11-01,25.313000000000002
1933-12-01,24.947
1934-01-01,25.017
1934-02-01,24.201
1934-03-01,24.68
1934-04-01,26.124000000000002
1934-05-01,27.305
1934-06-01,28.2
1934-07-01,28.461
1934-08-01,28.625
1934-09-01,28.522
1934-10-01,27.62
1934-11-01,26.13
1934-12-01,25.024
1935-01-01,24.094
1935-02-01,24.093000000000004
1935-03-01,25.387
1935-04-01,26.8
1935-05-01,28.304000000000002
1935-06-01,28.605
1935-07-01,28.647
1935-08-01,28.51100000000001
1935-09-01,28.342
1935-10-01,27.207
1935-11-01,25.592
1935-12-01,23.872
1936-01-01,24.771
1936-02-01,24.951
1936-03-01,25.176
1936-04-01,26.141
1936-05-01,26.932
1936-06-01,27.708
1936-07-01,28.568
1936-08-01,28.686
1936-09-01,28.405
1936-10-01,27.763
1936-11-01,26.16
1936-12-01,25.397
1937-01-01,26.191
1937-02-01,25.56
1937-03-01,25.422
1937-04-01,26.718000000000004
1937-05-01,27.256
1937-06-01,28.224
1937-07-01,28.448
1937-08-01,28.919
1937-09-01,28.659
1937-10-01,27.428
1937-11-01,25.822
1937-12-01,24.535
1938-01-01,24.484
1938-02-01,24.748
1938-03-01,26.016
1938-04-01,25.878
1938-05-01,27.577
1938-06-01,27.911
1938-07-01,28.125
1938-08-01,28.542
1938-09-01,28.299
1938-10-01,27.176
1938-11-01,26.461
1938-12-01,24.854
1939-01-01,25.087
1939-02-01,25.617
1939-03-01,25.535
1939-04-01,25.985
1939-05-01,27.098000000000006
1939-06-01,27.784
1939-07-01,28.423
1939-08-01,28.836
1939-09-01,28.472
1939-10-01,27.719
1939-11-01,25.556
1939-12-01,25.043000000000006
1940-01-01,23.532
1940-02-01,23.546
1940-03-01,25.05
1940-04-01,26.051
1940-05-01,27.057
1940-06-01,28.254
1940-07-01,28.895
1940-08-01,28.963
1940-09-01,28.215
1940-10-01,26.739
1940-11-01,26.192
1940-12-01,25.834
1941-01-01,24.617
1941-02-01,24.316
1941-03-01,24.826
1941-04-01,26.775
1941-05-01,27.205
1941-06-01,28.789
1941-07-01,29.011
1941-08-01,29.399
1941-09-01,29.103
1941-10-01,28.142
1941-11-01,26.784
1941-12-01,26.704
1942-01-01,24.622
1942-02-01,24.568
1942-03-01,26.063000000000002
1942-04-01,26.38600000000001
1942-05-01,27.725
1942-06-01,28.506
1942-07-01,28.922
1942-08-01,28.722
1942-09-01,28.376
1942-10-01,27.431
1942-11-01,26.722
1942-12-01,25.864
1943-01-01,25.384
1943-02-01,24.264
1943-03-01,25.36000000000001
1943-04-01,25.768
1943-05-01,27.3
1943-06-01,27.846
1943-07-01,28.618
1943-08-01,28.916
1943-09-01,28.824
1943-10-01,27.386
1943-11-01,26.282
1943-12-01,24.825
1944-01-01,24.268
1944-02-01,25.308000000000003
1944-03-01,26.294
1944-04-01,26.97600000000001
1944-05-01,27.084
1944-06-01,28.166
1944-07-01,29.078000000000007
1944-08-01,29.195
1944-09-01,28.761
1944-10-01,26.999
1944-11-01,25.847
1944-12-01,24.491999999999997
1945-01-01,24.183000000000003
1945-02-01,25.451
1945-03-01,26.35
1945-04-01,27.016
1945-05-01,27.216
1945-06-01,28.637
1945-07-01,28.673
1945-08-01,28.66800000000001
1945-09-01,28.271
1945-10-01,27.466
1945-11-01,25.834
1945-12-01,24.943
1946-01-01,25.268
1946-02-01,25.451
1946-03-01,26.045
1946-04-01,26.644000000000002
1946-05-01,28.056
1946-06-01,28.29
1946-07-01,28.912
1946-08-01,28.91
1946-09-01,28.654
1946-10-01,27.785
1946-11-01,27.273000000000003
1946-12-01,25.873
1947-01-01,26.011
1947-02-01,24.165
1947-03-01,25.51400000000001
1947-04-01,27.29000000000001
1947-05-01,27.837
1947-06-01,28.516
1947-07-01,28.489
1947-08-01,28.808000000000003
1947-09-01,28.637
1947-10-01,28.084
1947-11-01,27.81
1947-12-01,25.929
1948-01-01,24.862
1948-02-01,25.544
1948-03-01,26.666
1948-04-01,26.629
1948-05-01,27.479
1948-06-01,28.322
1948-07-01,28.784
1948-08-01,29.081
1948-09-01,28.947
1948-10-01,27.707
1948-11-01,27.788
1948-12-01,26.406
1949-01-01,25.4
1949-02-01,25.585
1949-03-01,25.674000000000003
1949-04-01,27.032
1949-05-01,27.391
1949-06-01,28.361
1949-07-01,28.58
1949-08-01,28.952
1949-09-01,28.651
1949-10-01,27.95
1949-11-01,25.38000000000001
1949-12-01,25.416999999999998
1950-01-01,25.217
1950-02-01,24.524
1950-03-01,25.582
1950-04-01,25.001
1950-05-01,27.451
1950-06-01,28.088
1950-07-01,28.301
1950-08-01,28.673000000000002
1950-09-01,28.323
1950-10-01,27.38
1950-11-01,25.28
1950-12-01,23.859
1951-01-01,23.478
1951-02-01,23.278
1951-03-01,24.993000000000002
1951-04-01,26.488000000000003
1951-05-01,27.529
1951-06-01,28.459
1951-07-01,28.609
1951-08-01,29.144000000000002
1951-09-01,28.934
1951-10-01,27.738000000000003
1951-11-01,26.423000000000002
1951-12-01,26.232
1952-01-01,24.58
1952-02-01,24.468000000000004
1952-03-01,25.992
1952-04-01,26.019000000000002
1952-05-01,27.706
1952-06-01,28.23
1952-07-01,28.607
1952-08-01,28.893
1952-09-01,28.564
1952-10-01,27.422
1952-11-01,26.51
1952-12-01,24.418000000000006
1953-01-01,24.291
1953-02-01,25.422
1953-03-01,26.0
1953-04-01,27.466
1953-05-01,28.042
1953-06-01,28.381
1953-07-01,29.045
1953-08-01,29.29000000000001
1953-09-01,28.905
1953-10-01,27.412
1953-11-01,26.615
1953-12-01,25.872
1954-01-01,25.558000000000003
1954-02-01,24.604
1954-03-01,25.91800000000001
1954-04-01,26.69700000000001
1954-05-01,27.633000000000006
1954-06-01,28.124
1954-07-01,28.505
1954-08-01,28.738000000000003
1954-09-01,28.488000000000003
1954-10-01,27.135
1954-11-01,25.764
1954-12-01,24.17
1955-01-01,24.112
1955-02-01,24.499
1955-03-01,25.323
1955-04-01,26.158
1955-05-01,27.161
1955-06-01,28.328000000000007
1955-07-01,28.128
1955-08-01,28.91800000000001
1955-09-01,28.602
1955-10-01,27.126
1955-11-01,26.605
1955-12-01,25.278
1956-01-01,23.33
1956-02-01,25.371
1956-03-01,25.274
1956-04-01,26.421
1956-05-01,27.26
1956-06-01,27.733
1956-07-01,28.524
1956-08-01,28.925
1956-09-01,28.388
1956-10-01,27.466
1956-11-01,25.595
1956-12-01,25.436999999999998
1957-01-01,24.963
1957-02-01,25.493
1957-03-01,25.8
1957-04-01,26.547
1957-05-01,27.504
1957-06-01,28.038
1957-07-01,28.657
1957-08-01,29.061
1957-09-01,28.422
1957-10-01,26.893
1957-11-01,26.78
1957-12-01,24.52
1958-01-01,23.8
1958-02-01,22.73
1958-03-01,26.06600000000001
1958-04-01,27.064
1958-05-01,27.829
1958-06-01,28.571
1958-07-01,29.202
1958-08-01,29.388
1958-09-01,29.01
1958-10-01,27.645
1958-11-01,27.576
1958-12-01,25.961
1959-01-01,25.083
1959-02-01,26.56
1959-03-01,26.34800000000001
1959-04-01,27.05
1959-05-01,27.397
1959-06-01,28.475
1959-07-01,28.494
1959-08-01,28.56900000000001
1959-09-01,28.662
1959-10-01,28.173000000000002
1959-11-01,26.714000000000002
1959-12-01,24.959
1960-01-01,24.884
1960-02-01,25.346999999999998
1960-03-01,25.22900000000001
1960-04-01,26.622
1960-05-01,27.57
1960-06-01,28.413
1960-07-01,28.868
1960-08-01,28.963
1960-09-01,28.769
1960-10-01,28.11
1960-11-01,27.121
1960-12-01,24.570999999999998
1961-01-01,24.63
1961-02-01,25.458
1961-03-01,26.267000000000003
1961-04-01,26.75800000000001
1961-05-01,27.333000000000002
1961-06-01,28.242
1961-07-01,28.681
1961-08-01,29.19700000000001
1961-09-01,28.754
1961-10-01,27.45
1961-11-01,26.88
1961-12-01,25.605
1962-01-01,25.041
1962-02-01,25.148000000000003
1962-03-01,25.655
1962-04-01,26.235
1962-05-01,27.069000000000006
1962-06-01,28.06
1962-07-01,29.147
1962-08-01,29.167
1962-09-01,28.55
1962-10-01,27.736
1962-11-01,25.561
1962-12-01,24.407
1963-01-01,24.688
1963-02-01,24.399
1963-03-01,25.997
1963-04-01,26.22300000000001
1963-05-01,27.102
1963-06-01,28.329
1963-07-01,28.76
1963-08-01,29.123
1963-09-01,28.961
1963-10-01,27.377
1963-11-01,26.543000000000006
1963-12-01,24.372
1964-01-01,24.891
1964-02-01,25.017
1964-03-01,26.613000000000003
1964-04-01,27.07
1964-05-01,27.769000000000002
1964-06-01,28.049
1964-07-01,28.751
1964-08-01,29.045
1964-09-01,28.624
1964-10-01,26.924
1964-11-01,26.738000000000003
1964-12-01,25.993
1965-01-01,24.211
1965-02-01,25.484
1965-03-01,25.778000000000002
1965-04-01,26.578000000000007
1965-05-01,27.037
1965-06-01,27.989
1965-07-01,28.589
1965-08-01,28.803
1965-09-01,28.519
1965-10-01,27.688
1965-11-01,26.65
1965-12-01,25.339
1966-01-01,24.425
1966-02-01,24.811
1966-03-01,24.94400000000001
1966-04-01,26.416
1966-05-01,27.144000000000002
1966-06-01,27.484
1966-07-01,28.696
1966-08-01,29.111
1966-09-01,28.985
1966-10-01,27.66
1966-11-01,25.347
1966-12-01,24.284
1967-01-01,25.092
1967-02-01,24.54
1967-03-01,25.11000000000001
1967-04-01,25.522
1967-05-01,27.415
1967-06-01,27.958
1967-07-01,28.849
1967-08-01,28.617
1967-09-01,28.412
1967-10-01,27.66
1967-11-01,26.412
1967-12-01,25.776999999999997
1968-01-01,24.247
1968-02-01,23.344
1968-03-01,24.41
1968-04-01,25.60100000000001
1968-05-01,27.482
1968-06-01,27.879
1968-07-01,28.709
1968-08-01,28.926
1968-09-01,28.353
1968-10-01,27.506
1968-11-01,26.339000000000002
1968-12-01,24.961
1969-01-01,24.712
1969-02-01,23.984
1969-03-01,25.321
1969-04-01,27.099
1969-05-01,28.121
1969-06-01,28.723000000000006
1969-07-01,29.292
1969-08-01,29.087
1969-09-01,28.703000000000007
1969-10-01,27.877
1969-11-01,26.059
1969-12-01,24.573
1970-01-01,23.976
1970-02-01,23.551
1970-03-01,25.746
1970-04-01,27.292
1970-05-01,27.139
1970-06-01,28.553
1970-07-01,28.453000000000007
1970-08-01,28.879
1970-09-01,28.326
1970-10-01,27.876
1970-11-01,25.534
1970-12-01,25.513
1971-01-01,24.41
1971-02-01,24.971
1971-03-01,25.22600000000001
1971-04-01,25.558000000000003
1971-05-01,27.613000000000003
1971-06-01,28.123
1971-07-01,28.591
1971-08-01,28.49
1971-09-01,28.507
1971-10-01,27.485
1971-11-01,26.412
1971-12-01,26.046
1972-01-01,25.496
1972-02-01,24.864
1972-03-01,25.402
1972-04-01,26.599
1972-05-01,27.661
1972-06-01,28.028
1972-07-01,28.52
1972-08-01,28.68
1972-09-01,28.337
1972-10-01,27.634
1972-11-01,27.647
1972-12-01,25.875999999999998
1973-01-01,25.346999999999998
1973-02-01,24.099
1973-03-01,26.827
1973-04-01,27.058000000000003
1973-05-01,27.974
1973-06-01,28.425
1973-07-01,28.868
1973-08-01,28.602
1973-09-01,28.514
1973-10-01,27.567
1973-11-01,27.039
1973-12-01,24.215999999999998
1974-01-01,25.458
1974-02-01,24.353
1974-03-01,25.626
1974-04-01,26.463
1974-05-01,27.295
1974-06-01,28.225
1974-07-01,28.57
1974-08-01,28.844
1974-09-01,28.571
1974-10-01,26.917
1974-11-01,26.282
1974-12-01,25.234
1975-01-01,25.278
1975-02-01,25.707
1975-03-01,26.07
1975-04-01,27.186
1975-05-01,27.964
1975-06-01,28.691
1975-07-01,28.397
1975-08-01,28.79300000000001
1975-09-01,28.094
1975-10-01,27.507
1975-11-01,26.144000000000002
1975-12-01,24.59
1976-01-01,23.859
1976-02-01,24.256999999999998
1976-03-01,25.625
1976-04-01,25.73
1976-05-01,27.672
1976-06-01,27.485
1976-07-01,28.746
1976-08-01,28.707
1976-09-01,28.664
1976-10-01,27.93
1976-11-01,26.999000000000002
1976-12-01,25.961
1977-01-01,24.113000000000003
1977-02-01,24.69
1977-03-01,26.605
1977-04-01,26.413
1977-05-01,27.08
1977-06-01,28.383000000000006
1977-07-01,29.053
1977-08-01,29.088
1977-09-01,28.728
1977-10-01,27.901
1977-11-01,27.095
1977-12-01,25.825
1978-01-01,24.243
1978-02-01,23.348000000000006
1978-03-01,25.257
1978-04-01,26.483
1978-05-01,28.382
1978-06-01,28.748
1978-07-01,28.901
1978-08-01,29.044
1978-09-01,28.451
1978-10-01,27.463
1978-11-01,27.17
1978-12-01,26.458
1979-01-01,25.164
1979-02-01,24.519
1979-03-01,25.159000000000002
1979-04-01,26.597
1979-05-01,27.744
1979-06-01,28.582
1979-07-01,28.95
1979-08-01,29.032
1979-09-01,28.257
1979-10-01,27.531
1979-11-01,27.002
1979-12-01,25.489
1980-01-01,24.938
1980-02-01,23.980999999999998
1980-03-01,26.118000000000002
1980-04-01,26.485
1980-05-01,28.472
1980-06-01,28.793000000000006
1980-07-01,29.336
1980-08-01,29.07500000000001
1980-09-01,28.646
1980-10-01,28.29
1980-11-01,26.944000000000006
1980-12-01,24.665
1981-01-01,22.121
1981-02-01,24.512
1981-03-01,25.32800000000001
1981-04-01,26.434
1981-05-01,28.12
1981-06-01,28.796
1981-07-01,29.091
1981-08-01,29.093000000000004
1981-09-01,28.663
1981-10-01,27.993
1981-11-01,26.003
1981-12-01,25.135
1982-01-01,25.418000000000006
1982-02-01,25.982
1982-03-01,26.63000000000001
1982-04-01,27.454
1982-05-01,27.222
1982-06-01,28.614
1982-07-01,29.057
1982-08-01,29.15
1982-09-01,28.755
1982-10-01,27.607
1982-11-01,26.686
1982-12-01,25.656
1983-01-01,24.966
1983-02-01,24.825
1983-03-01,25.439
1983-04-01,26.049
1983-05-01,28.09
1983-06-01,28.984
1983-07-01,29.301
1983-08-01,29.367
1983-09-01,28.769
1983-10-01,27.866
1983-11-01,27.175
1983-12-01,26.267
1984-01-01,24.988000000000003
1984-02-01,25.242
1984-03-01,25.94100000000001
1984-04-01,27.19
1984-05-01,27.958000000000002
1984-06-01,28.182
1984-07-01,28.647
1984-08-01,28.94100000000001
1984-09-01,28.104
1984-10-01,27.726
1984-11-01,26.014
1984-12-01,25.28
1985-01-01,23.607
1985-02-01,24.964
1985-03-01,26.173000000000002
1985-04-01,26.15
1985-05-01,27.47
1985-06-01,28.881
1985-07-01,29.065
1985-08-01,28.896
1985-09-01,28.6
1985-10-01,28.021
1985-11-01,27.281
1985-12-01,25.407
1986-01-01,24.403
1986-02-01,24.993
1986-03-01,25.338
1986-04-01,25.993000000000002
1986-05-01,27.263
1986-06-01,28.414
1986-07-01,29.078000000000007
1986-08-01,28.943
1986-09-01,28.673
1986-10-01,27.861
1986-11-01,27.884
1986-12-01,26.698
1987-01-01,24.42
1987-02-01,25.291
1987-03-01,25.587
1987-04-01,25.185
1987-05-01,27.819000000000006
1987-06-01,28.961
1987-07-01,29.536
1987-08-01,29.45300000000001
1987-09-01,29.251
1987-10-01,27.627
1987-11-01,27.466
1987-12-01,26.039
1988-01-01,25.158
1988-02-01,25.189
1988-03-01,25.93
1988-04-01,26.994
1988-05-01,27.603
1988-06-01,28.786
1988-07-01,29.478
1988-08-01,28.893
1988-09-01,28.611
1988-10-01,27.927
1988-11-01,27.329
1988-12-01,25.244
1989-01-01,25.480999999999998
1989-02-01,25.079
1989-03-01,25.262
1989-04-01,26.757
1989-05-01,27.772
1989-06-01,28.461
1989-07-01,28.797
1989-08-01,29.105
1989-09-01,28.795
1989-10-01,27.539
1989-11-01,27.439
1989-12-01,24.781
1990-01-01,25.968000000000004
1990-02-01,25.677
1990-03-01,25.744
1990-04-01,26.425
1990-05-01,27.995
1990-06-01,28.594
1990-07-01,29.248
1990-08-01,29.324
1990-09-01,28.971
1990-10-01,28.366
1990-11-01,26.527
1990-12-01,25.498
1991-01-01,26.092
1991-02-01,24.919
1991-03-01,26.54000000000001
1991-04-01,27.58
1991-05-01,27.877
1991-06-01,28.562
1991-07-01,29.293000000000006
1991-08-01,29.249000000000002
1991-09-01,28.64
1991-10-01,27.787
1991-11-01,26.352
1991-12-01,25.535999999999998
1992-01-01,24.767
1992-02-01,25.438
1992-03-01,25.85100000000001
1992-04-01,26.49
1992-05-01,26.551
1992-06-01,28.558000000000003
1992-07-01,29.218000000000004
1992-08-01,28.989
1992-09-01,28.321
1992-10-01,28.109
1992-11-01,27.724
1992-12-01,25.569000000000006
1993-01-01,25.733
1993-02-01,24.695999999999998
1993-03-01,25.238000000000003
1993-04-01,26.154
1993-05-01,27.193
1993-06-01,28.648000000000003
1993-07-01,29.435
1993-08-01,29.708000000000002
1993-09-01,28.942
1993-10-01,28.194000000000006
1993-11-01,27.493000000000002
1993-12-01,25.706
1994-01-01,25.275
1994-02-01,26.28
1994-03-01,26.244
1994-04-01,27.289
1994-05-01,28.233
1994-06-01,29.279
1994-07-01,29.119
1994-08-01,29.11000000000001
1994-09-01,28.741
1994-10-01,28.403
1994-11-01,27.562
1994-12-01,26.108
1995-01-01,25.031
1995-02-01,25.066
1995-03-01,25.903000000000002
1995-04-01,27.588
1995-05-01,29.033
1995-06-01,28.987
1995-07-01,29.526
1995-08-01,29.392000000000003
1995-09-01,29.242
1995-10-01,28.353
1995-11-01,27.3
1995-12-01,25.587
1996-01-01,24.427
1996-02-01,24.26
1996-03-01,25.067
1996-04-01,26.92
1996-05-01,27.886
1996-06-01,29.069000000000006
1996-07-01,29.298
1996-08-01,29.177
1996-09-01,29.266
1996-10-01,27.977
1996-11-01,26.778000000000002
1996-12-01,25.425
1997-01-01,25.096999999999998
1997-02-01,26.131
1997-03-01,26.926
1997-04-01,27.356
1997-05-01,28.841
1997-06-01,28.907
1997-07-01,29.713
1997-08-01,29.60400000000001
1997-09-01,29.066
1997-10-01,27.919
1997-11-01,27.384
1997-12-01,26.076
1998-01-01,25.75
1998-02-01,25.842
1998-03-01,25.495
1998-04-01,26.818
1998-05-01,28.283
1998-06-01,29.648000000000003
1998-07-01,29.55
1998-08-01,29.782
1998-09-01,29.462
1998-10-01,28.178
1998-11-01,27.437
1998-12-01,26.166999999999998
1999-01-01,25.522
1999-02-01,24.926
1999-03-01,25.773000000000003
1999-04-01,27.388
1999-05-01,28.221
1999-06-01,28.424
1999-07-01,29.094
1999-08-01,29.314
1999-09-01,28.728
1999-10-01,27.696
1999-11-01,25.992
1999-12-01,24.945999999999998
2000-01-01,24.272
2000-02-01,24.794
2000-03-01,26.052
2000-04-01,26.731
2000-05-01,28.038
2000-06-01,28.655
2000-07-01,29.481
2000-08-01,29.378
2000-09-01,28.684
2000-10-01,27.58
2000-11-01,26.297
2000-12-01,25.26
2001-01-01,23.194000000000006
2001-02-01,26.085
2001-03-01,26.07500000000001
2001-04-01,27.089000000000002
2001-05-01,27.456
2001-06-01,29.431
2001-07-01,29.628
2001-08-01,30.01400000000001
2001-09-01,28.347
2001-10-01,28.187
2001-11-01,26.175
2001-12-01,26.029
2002-01-01,25.185
2002-02-01,25.75
2002-03-01,26.745
2002-04-01,27.333000000000002
2002-05-01,28.388
2002-06-01,28.884
2002-07-01,29.846
2002-08-01,29.506
2002-09-01,28.957
2002-10-01,28.455
2002-11-01,27.363000000000003
2002-12-01,26.261
2003-01-01,24.008000000000006
2003-02-01,26.46
2003-03-01,27.428
2003-04-01,26.63600000000001
2003-05-01,28.632
2003-06-01,28.852
2003-07-01,29.302
2003-08-01,29.416
2003-09-01,29.318
2003-10-01,28.863000000000003
2003-11-01,27.665
2003-12-01,25.233
2004-01-01,25.031
2004-02-01,25.985
2004-03-01,26.358
2004-04-01,26.546
2004-05-01,28.222
2004-06-01,29.587
2004-07-01,29.528
2004-08-01,30.018
2004-09-01,28.926
2004-10-01,28.053
2004-11-01,27.21
2004-12-01,25.567
2005-01-01,24.521
2005-02-01,24.612
2005-03-01,26.467
2005-04-01,27.079
2005-05-01,28.614
2005-06-01,29.206
2005-07-01,29.729
2005-08-01,29.977
2005-09-01,29.765
2005-10-01,27.802
2005-11-01,27.098000000000006
2005-12-01,25.743
2006-01-01,25.083
2006-02-01,24.371
2006-03-01,25.788
2006-04-01,27.07
2006-05-01,28.242
2006-06-01,28.805
2006-07-01,29.576
2006-08-01,29.606
2006-09-01,29.59
2006-10-01,28.399
2006-11-01,26.694000000000006
2006-12-01,26.713
2007-01-01,26.294
2007-02-01,26.047
2007-03-01,26.31900000000001
2007-04-01,26.801
2007-05-01,27.896
2007-06-01,28.841
2007-07-01,29.939
2007-08-01,29.481
2007-09-01,28.893
2007-10-01,28.132
2007-11-01,26.718000000000004
2007-12-01,26.125999999999998
2008-01-01,25.125
2008-02-01,26.044
2008-03-01,26.175
2008-04-01,26.6
2008-05-01,28.419
2008-06-01,29.0
2008-07-01,29.275
2008-08-01,29.652
2008-09-01,29.272
2008-10-01,27.711
2008-11-01,25.899
2008-12-01,25.354
2009-01-01,24.783
2009-02-01,24.006999999999998
2009-03-01,25.148000000000003
2009-04-01,26.767
2009-05-01,28.017
2009-06-01,28.968000000000004
2009-07-01,30.188
2009-08-01,29.899
2009-09-01,29.642
2009-10-01,28.815
2009-11-01,27.071
2009-12-01,26.608
2010-01-01,24.061
2010-02-01,24.572
2010-03-01,24.625
2010-04-01,26.962
2010-05-01,28.808000000000003
2010-06-01,30.051
2010-07-01,29.327
2010-08-01,29.778000000000002
2010-09-01,29.261
2010-10-01,27.79
2010-11-01,26.229
2010-12-01,22.949
2011-01-01,24.49
2011-02-01,25.527
2011-03-01,25.67100000000001
2011-04-01,27.525
2011-05-01,28.21
2011-06-01,29.17
2011-07-01,29.357
2011-08-01,29.674000000000003
2011-09-01,29.387
2011-10-01,27.835
2011-11-01,26.776
2011-12-01,25.684
2012-01-01,24.954
2012-02-01,25.658
2012-03-01,26.323
2012-04-01,26.727
2012-05-01,27.724
2012-06-01,28.676
2012-07-01,28.837
2012-08-01,29.19700000000001
2012-09-01,28.779
2012-10-01,27.673000000000002
2012-11-01,25.439
2012-12-01,25.468000000000004
2013-01-01,26.034
2013-02-01,25.776
2013-03-01,24.931
2013-04-01,27.986
2013-05-01,28.253
2013-06-01,28.393
2013-07-01,28.441
2013-08-01,28.457
2013-09-01,29.753
